枠番,B,番,印,M2,M3,M4,  馬名,Ｃ,性別,年齢,替,騎手,斤量,減M, 単勝,所属,調教師,馬記号, 馬主, 生産者,毛色,誕生
1,,1,,,,,オシゴリ,,牝,2,,内田博幸,55,,85.2,(美),深山雅史,,由井可南子,宮内牧場,鹿毛,3月13日
2,,2,,,,,セールデュクール,,牝,2,,木幡巧也,55,,111.1,(美),深山雅史,,サラブレッドクラブ・ラフィアン,ビッグレッドファーム,鹿毛,3月13日
3,,3,,,,,ダノンダックス,,牡,2,*,ルメール,56,,1.5,(美),田中博康,,ダノックス,ノーザンファーム,黒鹿,2月19日
4,,4,,,,,コンフィアル,,牡,2,,田辺裕信,56,,7.9,(美),嘉藤貴行,,社台レースホース,社台ファーム,青鹿,2月19日
5,,5,,,,,バーチディダーマ,,牝,2,,原田和真,55,,105.7,(美),蛯名利弘,,田頭勇貴,片山牧場,鹿毛,3月23日
5,,6,,,,,ユイノヘラクレス,,牡,2,,木幡初也,56,,54.8,(美),深山雅史,,由井健太郎,信田牧場,鹿毛,4月 7日
6,,7,,,,,ゴクラクチョウカ,,牝,2,*,石神深道,53,△,172.1,(美),和田雄二,,田頭勇貴,小泉牧場,鹿毛,4月29日
6,,8,,,,,ブラックナザレ,,牡,2,*,嶋田純次,56,,179.1,(美),佐藤吉勝,,ミルファーム,ミルファーム,黒鹿,3月10日
7,,9,,,,,コスモグリュー,,牝,2,,柴田大知,55,,135.0,(美),田島俊明,,ビッグレッドファーム,ビッグレッドファーム,鹿毛,4月26日
7,,10,,,,,ミスティビーコン,,牡,2,,佐々木大,56,,15.9,(栗),橋田宜長,,コージーレーシング,藤川フアーム,鹿毛,4月30日
8,,11,,,,,エピックジャーニー,,牡,2,*,荻野極,56,,3.8,(美),浅利英明,,YGGホースクラブ,長浜牧場,鹿毛,2月 4日
8,,12,,,,,イニシャルポイント,,牝,2,,丹内祐次,55,,14.5,(美),高木登,(外),ビッグレッドファーム,"Coffee Pot Stable",黒鹿,4月22日
枠番,B,番,印,M2,M3,M4,  馬名,Ｃ,性別,年齢,替,騎手,斤量,減M, 単勝,所属,調教師,馬記号, 馬主, 生産者,毛色,誕生
1,,1,,,,,ヨドノプレミアム,,牡,2,*,佐々木大,56,,9.7,(美),菊川正達,,海原聖一,林農場,黒鹿,4月 1日
1,,2,,,,,クリガーレ,,牡,2,*,丸田恭介,56,,28.6,(美),武市康男,,永田和彦,エムエム、ヤマダファーム,鹿毛,5月16日
2,,3,,,,,ニシノアナベル,,牝,2,*,内田博幸,55,,42.3,(美),本間忍,,西山茂行,フクオカファーム,芦毛,2月11日
2,,4,,,,,ウィルレーヴィア,,牡,2,*,石田拓郎,54,△,30.6,(美),尾形和幸,,島川隆哉,エスティファーム,芦毛,2月15日
3,,5,,,,,セイウンイーリス,,牝,2,*,幸英明,55,,10.3,(美),深山雅史,,西山茂行,村上欽哉牧場,黒鹿,2月28日
3,,6,,,,,ワイズジュエル,,牝,2,*,長浜鴻緒,54,☆,25.2,(美),本間忍,,山下裕司,石原牧場,鹿毛,2月12日
4,,7,,,,,コックニー,,牡,2,,丹内祐次,56,,19.3,(美),田中剛,,ゴドルフィン,ダーレー・ジャパン・ファーム,鹿毛,2月10日
4,,8,,,,,クールボビー,,牡,2,*,津村明秀,56,,24.1,(美),矢野英一,,川上哲司,久井牧場,黒鹿,5月 5日
5,,9,,,,,ピクシーブラスト,,牝,2,,菊沢一樹,55,,1.9,(美),岩戸孝樹,,田頭勇貴,大栄牧場,黒鹿,4月19日
5,,10,,,,,エーアイクワイ,,牡,2,*,横山琉人,56,,12.8,(美),相沢郁,,C2M,豊栄牧場,栗毛,3月 3日
6,,11,,,,,ビップラージャ,,牡,2,*,戸崎圭太,56,,9.9,(美),嘉藤貴行,,鈴木邦英,ヒダカフアーム,栗毛,2月13日
6,,12,,,,,アテナプロマコス,,牝,2,*,岩田康誠,55,,61.6,(美),和田勇介,,ゴドルフィン,ダーレー・ジャパン・ファーム,栗毛,2月 5日
7,,13,,,,,タワーウマザンマイ,,牡,2,,原優介,56,,94.1,(美),青木孝文,,鈴木慈雄,西村牧場,鹿毛,5月10日
7,,14,,,,,クラウンロムパイア,,牡,2,,木幡育也,56,,179.1,(美),松永康利,,矢野まり子,クラウン日高牧場,青鹿,4月 8日
8,,15,,,,,アイビークロノス,,牡,2,,木幡巧也,56,,111.0,(美),牧光二,(外),石坂茂ラボ,"Pony Express Sales Inc.",芦毛,2月22日
8,,16,,,,,ディスペアーホープ,,牡,2,*,田辺裕信,56,,12.0,(美),小手川準,,東豊物産,竹島幸治,黒鹿,4月12日
枠番,B,番,印,M2,M3,M4,  馬名,Ｃ,性別,年齢,替,騎手,斤量,減M, 単勝,所属,調教師,馬記号, 馬主, 生産者,毛色,誕生
1,,1,,,,,ジーティーカグラ,,牡,2,,岩田康誠,56,,23.7,(美),栗田徹,,田畑利彦,高昭牧場,黒鹿,4月 2日
1,,2,,,,,コールレスポンス,,牡,2,,野中悠太,56,,29.3,(美),田中博康,,山本又一郎,ウイニングスタッド千歳,黒鹿,2月 8日
2,,3,,,,,コールドアズアイス,,牡,2,,武藤雅,56,,9.8,(美),高木登,,ビクトリーホースランチ,ビクトリーホースランチ,鹿毛,5月 5日
2,,4,,,,,オーケーグラン,,牡,2,,横山琉人,56,,23.8,(美),相沢郁,,小野建,三好牧場,栗毛,4月 8日
3,,5,,,,,アルヴィットーリア,,牡,2,,石田拓郎,54,△,46.3,(美),新開幸一,,明栄商事,横井直美,鹿毛,4月27日
3,,6,,,,,フェデュデスタン,,牡,2,,上里直汰,53,▲,93.8,(美),勢司和浩,,宇佐見紀之,まるとみ冨岡牧場,黒鹿,4月17日
4,,7,,,,,マックスプロックス,,牡,2,,長浜鴻緒,55,☆,46.3,(美),田中剛,,吉田千津,社台ファーム,栗毛,5月 1日
4,,8,,,,,タイザンフクン,,牡,2,,ルメール,56,,2.5,(美),武井亮,,キャロットファーム,社台コーポレーション白老ファーム,鹿毛,4月 4日
5,,9,,,,,ヴェントセラーレ,,牡,2,,津村明秀,56,,19.0,(美),嘉藤貴行,,G1レーシング,社台コーポレーション白老ファーム,栗毛,2月22日
5,,10,,,,,エコロゴッド,,牡,2,,菊沢一樹,56,,19.3,(美),岩戸孝樹,,原村正紀,パカパカファーム,鹿毛,3月 1日
6,,11,,,,,サラサハヤブサ,,牝,2,,横山典弘,55,,9.2,(美),村田一誠,,横井良明,グランド牧場,鹿毛,2月24日
6,,12,,,,,ピュアティアラ,,牝,2,,木幡巧也,55,,31.2,(美),室井潔,,保坂和孝,ヤナガワ牧場,栗毛,3月15日
7,,13,,,,,シンボリサーブル,,牡,2,,大野拓弥,56,,49.9,(美),菊川正達,,シンボリ牧場,宮内牧場,鹿毛,2月23日
7,,14,,,,,ワイドヴァラー,,牡,2,,戸崎圭太,56,,4.2,(栗),藤原英昭,(外),幅田昌伸,"Woods Edge Farm LLC & Ballyfair Bloodstock",鹿毛,4月 9日
8,,15,,,,,ドーリック,,牡,2,,荻野極,56,,14.0,(美),稲垣幸雄,,社台レースホース,社台ファーム,栗毛,3月17日
8,,16,,,,,アストロカノン,,牡,2,,佐々木大,56,,64.1,(美),高柳瑞樹,,明栄商事,ヒダカフアーム,黒鹿,4月 4日
枠番,B,番,印,M2,M3,M4,  馬名,Ｃ,性別,年齢,替,騎手,斤量,減M, 単勝,所属,調教師,馬記号, 馬主, 生産者,毛色,誕生
1,,1,,,,,ジェロニモス,,牡,5,*,難波剛健,60,,28.2,(栗),中村直也,,ノルマンディーサラブレッドレーシング,グッドラック・ファーム,鹿毛,2月 3日
2,,2,,,,,エンジョイドライブ,,牡,4,,小野寺祐,60,,12.0,(栗),宮本博,,田島政光,ガーベラパークスタツド,栗毛,4月30日
3,,3,,,,,アップストローク,,セ,7,,草野太郎,60,,3.4,(美),杉浦宏昭,,吉田照哉,社台ファーム,黒鹿,2月15日
3,,4,,,,,ナスノソナタ,,牡,4,,水沼元輝,57,▲,34.3,(美),武井亮,,那須野牧場,那須野,鹿毛,4月30日
4,,5,,,,,ヴェストラン,,牡,5,*,小坂忠士,60,,10.3,(栗),本田優,(地),中西宏彰,ケンブリッジバレー,栗毛,5月 4日
4,B,6,,,,,アンノウンウォリア,,牡,7,,黒岩悠,60,,106.7,(栗),平田修,,吉田昌久,新冠橋本牧場,黒鹿,3月19日
5,,7,,,,,コブラ,,牡,7,*,坂口智康,58,△,6.8,(美),菊沢隆徳,(地),庄司修二,大北牧場,黒鹿,5月 6日
5,B,8,,,,,グランナヴィール,,牡,5,*,上野翔,60,,4.3,(美),堀内岳志,,ヒダカ・ブリーダーズ・ユニオン,出口牧場,芦毛,3月31日
6,,9,,,,,キャプテンシー,,セ,5,,中村将之,60,,16.4,(栗),松永幹夫,,サンデーレーシング,ノーザンファーム,鹿毛,3月 9日
6,,10,,,,,ヒロノゴウカイ,,牡,7,*,江田勇亮,60,,73.8,(美),蛯名利弘,(地),小野博郷,増本牧場,鹿毛,4月20日
7,,11,,,,,フラムリンガム,,セ,5,,伴啓太,60,,60.0,(美),柄崎将寿,,吉田照哉,社台コーポレーション白老ファーム,栗毛,4月28日
7,,12,,,,,ジュリアスローズ,,牝,5,,大江原圭,58,,37.6,(美),粕谷昌央,,岡田牧雄,岡田スタツド,黒鹿,5月 8日
8,,13,,,,,タガノバルコス,,牡,7,,高田潤,60,,5.1,(栗),秋山真一,,八木良司,新冠タガノファーム,鹿毛,3月 1日
8,,14,,,,,ルクスマーベリック,,セ,5,*,小林凌大,57,▲,58.2,(美),大和田成,,ルクス,千代田牧場,鹿毛,4月21日
枠番,B,番,印,M2,M3,M4,  馬名,Ｃ,性別,年齢,替,騎手,斤量,減M, 単勝,所属,調教師,馬記号, 馬主, 生産者,毛色,誕生
1,,1,,,,,シダス,,牡,2,,横山琉人,56,,12.6,(美),相沢郁,,星野祐介,辻牧場,青鹿,5月12日
2,,2,,,,,リントヴルム,,牡,2,,ルメール,56,,1.8,(美),大竹正博,,DMMドリームクラブ,パカパカファーム,鹿毛,2月 6日
3,,3,,,,,ロジヴィジョン,,牝,2,,西村淳也,55,,27.6,(美),加藤征弘,,久米田正明,新冠橋本牧場,鹿毛,2月13日
4,,4,,,,,サトノラディアント,,牡,2,,戸崎圭太,56,,18.5,(栗),高橋康之,,里見治,三嶋牧場,鹿毛,2月11日
5,,5,,,,,シャインシュネル,,牡,2,,石橋脩,56,,55.2,(美),小野次郎,,皆川博文,静内フジカワ牧場,鹿毛,4月14日
5,,6,,,,,シルバータイガー,,牡,2,,大野拓弥,56,,51.7,(美),和田正一,,スピードファーム,スピードフアーム,芦毛,2月18日
6,,7,,,,,シルヴァノーブル,,牡,2,,横山典弘,56,,4.9,(栗),昆貢,,安原浩司,田中スタッド,青鹿,2月23日
6,,8,,,,,スズノハヤブサ,,牡,2,,横山武史,56,,41.8,(美),尾関知人,,小紫嘉之,社台コーポレーション白老ファーム,鹿毛,3月27日
7,,9,,,,,エメラルドプレミア,,牡,2,,佐々木大,56,,62.7,(美),菊川正達,,竹田寿,ディアレストクラブ,栗毛,2月28日
7,,10,,,,,マイネルユンフェン,,牡,2,,丹内祐次,56,,20.3,(美),伊藤大士,,サラブレッドクラブ・ラフィアン,ビッグレッドファーム,黒鹿,5月22日
8,,11,,,,,ピエナモルタル,,牡,2,,原田和真,56,,112.4,(美),萱野浩二,,本谷兼三,沖田牧場,黒鹿,3月28日
8,B,12,,,,,ランパディアス,,牡,2,,坂井瑠星,56,,5.3,(美),黒岩陽一,,キャロットファーム,ノーザンファーム,黒鹿,5月 2日
枠番,B,番,印,M2,M3,M4,  馬名,Ｃ,性別,年齢,替,騎手,斤量,減M, 単勝,所属,調教師,馬記号, 馬主, 生産者,毛色,誕生
1,,1,,,,,サンデー,,牝,2,,津村明秀,55,,4.7,(栗),橋口慎介,,ターフ・スポート,丸幸小林牧場,鹿毛,3月18日
2,,2,,,,,ゴールドパーティー,,牝,2,,野中悠太,55,,66.0,(美),田中勝春,,居城寿与,北勝ファーム,青鹿,4月15日
3,,3,,,,,ドンタククイーン,,牝,2,,丸田恭介,55,,68.1,(美),田中勝春,,三石川上牧場,三石川上牧場,鹿毛,4月 4日
3,,4,,,,,ヘヴンリーワールド,,牝,2,,丹内祐次,55,,54.8,(美),平岩大典,,大塚亮一,隆栄牧場,栗毛,4月 9日
4,,5,,,,,ジョーティス,,牝,2,,ルメール,55,,2.2,(美),手塚貴久,,キャロットファーム,ノーザンファーム,黒鹿,2月28日
4,,6,,,,,レンミッキ,,牝,2,,柴田大知,55,,67.0,(美),伊藤大士,,ビッグレッドファーム,荒井ファーム,黒鹿,5月29日
5,,7,,,,,ランプリサージュ,,牝,2,,田辺裕信,55,,24.2,(美),中舘英二,,水上行雄,笠松牧場,黒鹿,4月 8日
5,,8,,,,,リリーリリー,,牝,2,,小林脩斗,55,,49.1,(美),浅利英明,,山下佑介,村上欽哉牧場,鹿毛,2月23日
6,,9,,,,,ウィレマイト,,牝,2,,坂井瑠星,55,,45.4,(美),辻哲英,,吉田勝己,ノーザンファーム,栗毛,2月20日
6,,10,,,,,シドニーハーバー,,牝,2,,荻野極,55,,4.4,(美),大竹正博,,ゴドルフィン,ダーレー・ジャパン・ファーム,鹿毛,1月26日
7,,11,,,,,リプレイハズシ,,牝,2,,小林美駒,53,◇,11.9,(美),深山雅史,,由井健太郎,諏訪牧場,鹿毛,3月17日
7,,12,,,,,ディアム,,牝,2,,横山武史,55,,18.6,(美),小笠倫弘,,古川智洋,秋田牧場,鹿毛,3月14日
8,,13,,,,,ニシノメガミサマ,,牝,2,,武藤雅,55,,35.5,(美),武藤善則,,西山茂行,ガーベラパークスタツド,栗毛,5月 2日
8,,14,,,,,ルージュクエーサー,,牝,2,,佐々木大,55,,17.1,(美),鹿戸雄一,,東京ホースレーシング,新冠橋本牧場,鹿毛,4月 6日
枠番,B,番,印,M2,M3,M4,  馬名,Ｃ,性別,年齢,替,騎手,斤量,減M, 単勝,所属,調教師,馬記号, 馬主, 生産者,毛色,誕生
1,,1,,,,,シュガーハイ,,牡,4,*,上里直汰,55,▲,79.0,(美),加藤和宏,,シュガーベイビーサラブレッドクラブ,千代田牧場,黒鹿,3月 6日
1,,2,,,,,フクシマブリルハム,,牡,3,,横山琉人,56,,38.1,(美),小島茂之,,西本資史,チャンピオンズファーム,鹿毛,2月 7日
2,B,3,,,,,パータリプトラ,,セ,3,*,幸英明,56,,32.4,(美),武井亮,,幅田京子,増本良孝,黒鹿,4月15日
2,,4,,,,,シンガソング,,牝,4,*,松岡正海,56,,66.1,(美),堀内岳志,転厩初戦,豊井義次,浜本牧場,芦毛,2月 5日
3,,5,,,,,セブンメデュラス,,セ,4,,ルメール,58,,7.9,(美),木村哲也,,前迫義幸,ノーザンファーム,黒鹿,2月23日
3,,6,,,,,タイセイモノリス,,牡,3,*,長浜鴻緒,55,☆,23.6,(美),栗田徹,,田中成奉,荒井ファーム,鹿毛,4月20日
4,B,7,,,,,イサチルシーキング,,牡,3,*,大野拓弥,56,,12.9,(美),辻哲英,,小坂功,絵笛牧場,黒鹿,4月15日
4,B,8,,,,,アバレリュウ,,牡,4,,野中悠太,58,,8.1,(美),鈴木慎太,,長谷川光司,ヒダカフアーム,栗毛,4月11日
5,,9,,,,,サルファー,,セ,4,*,佐々木大,58,,43.7,(美),秋本大介,(地)転初,ゴドルフィン,ダーレー・ジャパン・ファーム,鹿毛,4月25日
5,,10,,,,,ヘルヴェティオス,,牡,4,,坂井瑠星,58,,9.3,(美),金成貴史,,サンデーレーシング,ノーザンファーム,芦毛,2月13日
6,B,11,,,,,レピュニット,,牡,3,*,荻野極,56,,3.7,(美),宮田敬介,,小田吉男,村下清志,栗毛,4月21日
6,,12,,,,,ソードマスター,,牡,4,*,ミシェル,58,,17.2,(美),小笠倫弘,,社台レースホース,社台ファーム,鹿毛,2月22日
7,B,13,,,,,ペロ,,牡,5,,丸山元気,58,,8.4,(美),浅利英明,,天野克彦,三嶋牧場,鹿毛,3月 8日
7,,14,,,,,リドルトリガー,,牝,4,*,田辺裕信,56,,8.6,(美),小島茂之,(外)(地)転初,篁真一郎,"Don Alberto Corporation",鹿毛,4月 4日
8,,15,,,,,ブリックンクリック,,セ,4,*,津村明秀,58,,11.7,(美),中舘英二,,金子真人ホールディングス,社台ファーム,青鹿,2月25日
8,,16,,,,,ヴァルボナ,,牡,3,*,内田博幸,56,,39.0,(美),中舘英二,転厩初戦,ラ・メール,松浦牧場,鹿毛,1月21日
枠番,B,番,印,M2,M3,M4,  馬名,Ｃ,性別,年齢,替,騎手,斤量,減M, 単勝,所属,調教師,馬記号, 馬主, 生産者,毛色,誕生
1,,1,,,,,ルージュリリック,,牝,3,*,佐々木大,54,,8.0,(美),上原佑紀,,東京ホースレーシング,社台ファーム,鹿毛,4月16日
1,,2,,,,,ディヒターリーベ,,牝,4,*,長浜鴻緒,55,☆,17.9,(美),高橋文雅,(地),ディアレストクラブ,ノーザンファーム,黒鹿,2月 9日
2,,3,,,,,ティラーノ,,牡,3,*,原優介,56,,32.4,(美),小手川準,,北山敏隆,ヒダカフアーム,芦毛,4月10日
2,,4,,,,,フレンドモナコ,,牡,3,*,水沼元輝,53,▲,50.1,(美),加藤和宏,,横尾晴人,中村雅明,黒鹿,2月16日
3,B,5,,,,,テンレディーゴー,,牡,3,*,丹内祐次,56,,29.9,(美),菊川正達,,天白泰司,千代田牧場,鹿毛,3月27日
3,,6,,,,,デリュージョン,,牡,4,*,松若風馬,58,,50.1,(栗),奥村豊,,山本英俊,メイタイファーム,芦毛,3月16日
4,,7,,,,,ディバインウインド,,牡,3,*,西村淳也,56,,3.9,(美),堀宣行,,NICKS,社台ファーム,青鹿,2月26日
4,,8,,,,,フリーヤ,,牝,3,*,横山武史,54,,35.4,(美),鈴木伸尋,,コスモヴューファーム,コスモヴューファーム,黒鹿,3月 8日
5,,9,,,,,モントゥリエ,,牝,3,*,坂井瑠星,54,,22.1,(美),中舘英二,,水上行雄,笠松牧場,栗毛,2月11日
5,,10,,,,,ウインファヴォリ,,セ,4,,原田和真,58,,22.7,(美),松尾卓哉,,ウイン,コスモヴューファーム,青鹿,4月24日
6,,11,,,,,ヤエギリ,,牝,4,*,津村明秀,56,,16.4,(栗),福永祐一,(外),ラッキーフィールド,"Sekie Yoshihara & Tsunebumi Yoshihara",鹿毛,2月17日
6,,12,,,,,ソラネルマン,,牡,3,,ルメール,56,,2.1,(美),手塚貴久,,サンデーレーシング,ノーザンファーム,鹿毛,3月24日
7,,13,,,,,ハルノアメ,,牡,3,,佐藤翔馬,53,▲,131.7,(美),上原博之,,酒井孝敏,大林ファーム,青鹿,4月 9日
7,,14,,,,,ガールネクストドア,,牝,4,,嶋田純次,56,,81.0,(美),佐藤吉勝,,ミルファーム,ミルファーム,栗毛,2月17日
8,,15,,,,,ショウナンダイン,,セ,3,*,石橋脩,56,,33.1,(美),森一誠,,国本哲秀,静内フアーム,栗毛,3月20日
8,,16,,,,,オメガディコン,,牡,3,*,岩田康誠,56,,66.9,(美),浅利英明,,原禮子,社台ファーム,鹿毛,2月10日
8,,17,,,,,エナジーショット,,牝,4,,横山琉人,56,,98.0,(美),矢嶋大樹,,下河辺隆行,下河辺牧場,栗毛,4月23日
枠番,B,番,印,M2,M3,M4,  馬名,Ｃ,性別,年齢,替,騎手,斤量,減M, 単勝,所属,調教師,馬記号, 馬主, 生産者,毛色,誕生
1,,1,,,,,ララバニュルス,,牡,4,,藤懸貴志,58,,8.2,(美),大竹正博,,フジイ興産,下河辺牧場,鹿毛,2月27日
2,,2,,,,,レイユール,,牝,4,,長浜鴻緒,56,,14.5,(美),手塚貴久,,榊原源一郎,下河辺牧場,黒鹿,4月24日
2,,3,,,,,イヌボウノウタゴエ,,牝,3,,横山武史,54,,9.5,(美),西田雄一,,嶋田一成,服部牧場,鹿毛,3月 3日
3,,4,,,,,ルージュブリッツ,,牝,3,*,荻野極,54,,14.9,(美),古賀慎明,,東京ホースレーシング,門別牧場,鹿毛,4月 8日
3,,5,,,,,サーナーティオン,,牡,5,*,戸崎圭太,58,,26.4,(栗),藤岡健一,,幅田昌伸,斉藤安行,鹿毛,4月25日
4,,6,,,,,エイヨーアメジスト,,牝,4,*,幸英明,56,,34.7,(栗),高橋康之,,柳田英子,柏木務,鹿毛,3月30日
4,,7,,,,,セルズパワー,,牡,4,*,岩田康誠,58,,22.3,(栗),牧田和弥,,中西功,細川牧場,黒鹿,4月10日
5,,8,,,,,メイケイバートン,,牡,7,*,三浦皇成,58,,25.5,(栗),中竹和也,,名古屋競馬,社台ファーム,黒鹿,3月28日
5,,9,,,,,フェルミアーク,,牝,3,,坂井瑠星,54,,2.8,(美),森一誠,,キャロットファーム,ノーザンファーム,栗毛,4月 9日
6,,10,,,,,スペルーチェ,,牡,3,*,ルメール,56,,5.6,(美),宮田敬介,,窪田芳郎,ノーザンファーム,芦毛,3月25日
6,,11,,,,,ウフドゥウフ,,牡,4,,田辺裕信,58,,12.7,(美),上原博之,,高松悟,社台ファーム,芦毛,4月12日
7,,12,,,,,ハルオーブ,,牡,6,*,石神深道,58,,71.6,(美),武井亮,(地),村上卓史,藤沢牧場,鹿毛,3月24日
7,,13,,,,,ハクサンイーグル,,牡,5,*,佐々木大,58,,57.6,(栗),高橋一哉,転厩初戦,河崎五市,中村雅明,鹿毛,2月28日
8,,14,,,,,カガラプンツェル,,牝,3,,原田和真,54,,66.0,(美),萱野浩二,,香川憲次,西村牧場,鹿毛,4月 9日
8,,15,,,,,ラパンチュール,,牝,4,*,丹内祐次,56,,11.8,(美),蛯名正義,,広尾レース,木村秀則,鹿毛,4月 4日
枠番,B,番,印,M2,M3,M4,  馬名,Ｃ,性別,年齢,替,騎手,斤量,減M, 単勝,所属,調教師,馬記号, 馬主, 生産者,毛色,誕生
1,,1,,,,,ターコイズフリンジ,,セ,5,*,坂井瑠星,58,,17.8,(美),田中博康,,シルクレーシング,ノーザンファーム,鹿毛,2月 7日
1,,2,,,,,リネアグローリア,,牡,5,*,松若風馬,58,,44.3,(栗),小崎憲,,中村忠彦,平山牧場,黒鹿,5月27日
2,,3,,,,,ブレトワルダ,,セ,4,,津村明秀,58,,11.9,(美),新開幸一,,大塚亮一,辻牧場,黒鹿,4月14日
2,B,4,,,,,アラレタバシル,,牡,5,,丸山元気,58,,6.8,(美),松尾卓哉,,福田光博,トラストスリーファーム,栗毛,5月29日
3,,5,,,,,オンザムービー,,牡,3,*,横山典弘,56,,2.4,(栗),牧田和弥,,安原浩司,岡田牧場,栗毛,3月23日
3,B,6,,,,,クールブロン,,牡,6,*,三浦皇成,58,,17.5,(栗),井上智史,,キャロットファーム,社台コーポレーション白老ファーム,芦毛,2月14日
4,,7,,,,,チュウワチーフ,,牡,4,*,西村淳也,58,,37.5,(栗),小崎憲,(外),中西忍,"WinStar Farm LLC",黒鹿,3月12日
4,,8,,,,,ルグランヴァン,,牡,4,*,原優介,58,,8.8,(美),高木登,,G1レーシング,社台コーポレーション白老ファーム,栗毛,2月10日
5,,9,,,,,ブロッケンボウ,,牡,5,*,木幡育也,58,,145.5,(美),松永康利,,小林竜太郎,へいはた牧場,黒鹿,4月 3日
5,,10,,,,,トクシーカイザー,,牡,6,,菊沢一樹,58,,12.4,(美),小島茂之,,AIレーシング,前田ファーム,鹿毛,3月23日
6,,11,,,,,チギリ,,牝,4,*,ミシェル,56,,18.1,(美),鹿戸雄一,,北村栄治,社台ファーム,芦毛,2月10日
6,,12,,,,,ジョディーズマロン,,牡,8,*,戸崎圭太,58,,32.6,(栗),北出成人,,ローレルレーシング,新冠橋本牧場,栗毛,2月21日
7,,13,,,,,スニーカースキル,,牝,4,*,荻野極,56,,13.9,(栗),杉山晴紀,,藤田晋,レイクヴィラファーム,青鹿,1月18日
7,,14,,,,,エイブラムス,,牡,5,*,木幡巧也,58,,57.3,(美),鈴木慎太,,ノルマンディーサラブレッドレーシング,築紫洋,鹿毛,3月30日
8,B,15,,,,,サトミノエンジェル,,牡,4,*,横山武史,58,,24.8,(美),鈴木伸尋,,田代洋己,下河辺牧場,鹿毛,2月14日
8,B,16,,,,,トウカイポワール,,牝,5,*,佐々木大,56,,38.6,(栗),北出成人,,内村正則,二風谷ファーム,栗毛,4月10日
枠番,B,番,印,M2,M3,M4,  馬名,Ｃ,性別,年齢,替,騎手,斤量,減M, 単勝,所属,調教師,馬記号, 馬主, 生産者,毛色,誕生
1,B,1,,,,,セイウンハーデス,,牡,7,,幸英明,57,,10.2,(栗),橋口慎介,,西山茂行,鮫川啓一,黒鹿,4月 8日
1,,2,,,,,リアライズシリウス,,牡,3,,津村明秀,55,,2.7,(美),手塚貴久,,今福洋介,社台ファーム,芦毛,3月14日
2,,3,,,,,レディネス,,牡,4,,横山典弘,57,,19.8,(栗),昆貢,,安原浩司,フジワラフアーム,栗毛,5月 5日
2,,4,,,,,サトノシャイニング,,牡,4,*,西村淳也,57,,5.6,(栗),杉山晴紀,,里見治,下河辺牧場,黒鹿,2月 4日
3,,5,,,,,クルゼイロドスル,,牡,6,*,荻野極,57,,179.7,(栗),高橋義忠,,ゴドルフィン,ダーレー・ジャパン・ファーム,栗毛,5月 8日
3,,6,,,,,ライヒスアドラー,,牡,3,,佐々木大,55,,5.1,(美),上原佑紀,,G1レーシング,追分ファーム,鹿毛,3月25日
4,,7,,,,,ロングラン,,セ,8,*,菊沢一樹,57,,232.3,(美),和田勇介,,梅澤明,社台ファーム,鹿毛,2月 9日
4,,8,,,,,ビーアストニッシド,,牡,7,*,原優介,57,,262.8,(美),堀内岳志,,村中徹,ヴェルサイユファーム,黒鹿,2月28日
5,,9,,,,,ドラゴンブースト,,牡,4,,丹内祐次,57,,29.7,(栗),藤野健太,,水谷美穂,ゼットステーブル,鹿毛,3月17日
5,B,10,,,,,エルトンバローズ,,牡,6,*,松若風馬,57,,25.3,(栗),杉山晴紀,,猪熊広次,桑田牧場,鹿毛,3月18日
6,,11,,,,,ランスオブカオス,,牡,4,*,横山武史,57,,112.6,(栗),奥村豊,,五影慶則,フジワラフアーム,黒鹿,3月27日
6,,12,,,,,レガーロデルシエロ,,牡,5,*,戸崎圭太,57,,46.1,(美),栗田徹,,サンデーレーシング,ノーザンファーム,鹿毛,2月18日
7,,13,,,,,ホウオウビスケッツ,,牡,6,,岩田康誠,57,,25.5,(美),奥村武,,小笹芳央,岡田スタツド,鹿毛,6月 5日
7,,14,,,,,レイニング,,牡,4,*,ルメール,57,,11.3,(美),森一誠,,キャロットファーム,ノーザンファーム,栗毛,5月 1日
8,,15,,,,,シャンパンカラー,,牡,6,*,内田博幸,58,,92.1,(美),田中剛,,青山洋一,社台ファーム,栗毛,3月 3日
8,,16,,,,,アドマイヤクワッズ,,牡,3,,坂井瑠星,55,,13.9,(栗),友道康夫,,近藤旬子,ノーザンファーム,鹿毛,1月23日
8,B,17,,,,,ダノンエアズロック,,牡,5,*,田辺裕信,57,,28.2,(美),堀宣行,,ダノックス,ノーザンファーム,鹿毛,2月26日
枠番,B,番,印,M2,M3,M4,  馬名,Ｃ,性別,年齢,替,騎手,斤量,減M, 単勝,所属,調教師,馬記号, 馬主, 生産者,毛色,誕生
1,B,1,,,,,ジオパーククラウン,,牡,6,*,長浜鴻緒,57,☆,35.0,(美),清水英克,,小関勝紀,様似共栄牧場,黒鹿,4月20日
1,B,2,,,,,グレイスザクラウン,,セ,4,,木幡巧也,58,,51.5,(美),上原博之,,社台レースホース,社台コーポレーション白老ファーム,鹿毛,2月 7日
2,,3,,,,,ナイトスラッガー,,牡,5,*,田辺裕信,58,,17.7,(美),小手川準,,東豊物産,竹島幸治,黒鹿,4月 3日
2,,4,,,,,レッドベルダンス,,牡,4,,嶋田純次,58,,12.0,(美),手塚貴久,,東京ホースレーシング,ノーザンファーム,鹿毛,4月 8日
3,,5,,,,,カゼノタカトシ,,牡,4,*,戸崎圭太,58,,36.0,(美),久保田貴,,深井孟,飛野牧場,鹿毛,3月28日
3,B,6,,,,,タマモカンパネラ,,牝,4,*,佐藤翔馬,53,▲,41.9,(美),伊藤圭三,,タマモ,前田牧場,鹿毛,5月25日
4,,7,,,,,ザーフィル,,牡,3,*,ルメール,56,,3.5,(美),林徹,(外),キャロットファーム,"Highpark Bloodstock Ltd",黒鹿,2月19日
4,B,8,,,,,ミクストベリーズ,,牡,4,*,菊沢一樹,58,,32.7,(美),伊藤圭三,(外),ゴドルフィン,Godolphin,鹿毛,4月19日
5,,9,,,,,ライジンマル,,セ,5,,木幡初也,58,,27.5,(美),竹内正洋,,カカムーチョレーシング,下河辺牧場,栗毛,3月13日
5,B,10,,,,,パイシャオピン,,牝,4,*,横山武史,56,,11.8,(美),鈴木伸尋,,ウエスト.フォレスト.ステイブル,山春牧場,鹿毛,3月10日
6,B,11,,,,,サンカルミア,,牡,5,*,坂井瑠星,58,,8.2,(美),伊坂重信,,加藤ステーブル,ケイズ,黒鹿,4月17日
6,,12,,,,,カロローザ,,牝,4,*,幸英明,56,,10.7,(栗),松永幹夫,,キャロットファーム,社台コーポレーション白老ファーム,鹿毛,2月 9日
7,,13,,,,,ロケットパンチ,,セ,3,,武藤雅,56,,9.7,(美),武藤善則,,子安裕樹RC,清水牧場,鹿毛,4月19日
7,B,14,,,,,ライフゲート,,セ,4,,丹内祐次,58,,11.1,(美),伊藤圭三,,斉藤三寛,グランド牧場,栗毛,5月 5日
8,,15,,,,,ノアヴィヴァーチェ,,牡,4,*,菅原隆一,58,,13.8,(美),鈴木慎太,,佐山公男,びらとり牧場,鹿毛,4月 3日
8,B,16,,,,,ファイアマン,,牡,3,,原優介,56,,9.9,(美),上原博之,,ゴドルフィン,ダーレー・ジャパン・ファーム,栗毛,4月 4日
枠番,B,番,印,M2,M3,M4,  馬名,Ｃ,性別,年齢,替,騎手,斤量,減M, 単勝,所属,調教師,馬記号, 馬主, 生産者,毛色,誕生
1,,1,,,,,マーズエクレール,,牡,2,,鮫島克駿,56,,2.0,(栗),佐藤悠太,,DMMドリームクラブ,ノーザンファーム,栗毛,3月 6日
2,B,2,,,,,ベンゲル,,牡,2,,池添謙一,56,,44.5,(栗),飯田祐史,,カナヤマホールディングス,天羽禮治牧場,栗毛,5月13日
3,,3,,,,,プリメラエストレラ,,牡,2,,北村友一,56,,16.6,(栗),橋田宜長,,ノースヒルズ,平山牧場,黒鹿,5月 4日
4,,4,,,,,マーノマエストロ,,牡,2,,田山旺佑,55,☆,2.5,(栗),寺島良,,吉田照哉,社台ファーム,黒鹿,3月24日
5,,5,,,,,ロードフェルム,,牡,2,*,横山和生,56,,20.4,(栗),長谷川浩,,ロードホースクラブ,ケイアイファーム,黒鹿,3月18日
6,,6,,,,,タガノフリアン,,牡,2,,角田大和,56,,9.1,(栗),角田晃一,,八木昌司,新冠タガノファーム,栗毛,4月 9日
7,,7,,,,,ボードゥロレーヌ,,牡,2,*,吉村誠之,56,,69.0,(栗),新谷功一,,G1レーシング,社台コーポレーション白老ファーム,栗毛,2月 8日
8,,8,,,,,ジュンヴァグネル,,牡,2,*,斎藤新,56,,9.3,(栗),浜田多実,,河合純二,ノーザンファーム,栗毛,2月 1日
枠番,B,番,印,M2,M3,M4,  馬名,Ｃ,性別,年齢,替,騎手,斤量,減M, 単勝,所属,調教師,馬記号, 馬主, 生産者,毛色,誕生
1,,1,,,,,レインボースター,,牝,2,*,吉村誠之,55,,15.7,(栗),加藤公太,,伊藤泰子,追分ファーム,黒鹿,3月23日
2,,2,,,,,アイルエクラ,,牡,2,*,田山旺佑,55,☆,81.1,(栗),新谷功一,,勝本竜二,目名共同トレーニングセンター,鹿毛,2月16日
3,,3,,,,,ブロッサムスピア,,牡,2,,Ｍ．デム,56,,2.1,(栗),藤岡健一,,シルクレーシング,社台コーポレーション白老ファーム,鹿毛,2月27日
4,,4,,,,,キシゲヒーロー,,牡,2,,角田大和,56,,15.7,(栗),中尾秀正,,木村真二,田中裕之,鹿毛,3月19日
5,,5,,,,,テムスピード,,牡,2,*,河原田菜,52,★,16.4,(栗),鈴木孝志,,竹園正繼,日高テイエム牧場,鹿毛,2月19日
6,,6,,,,,ジョン,,牡,2,*,小崎綾也,56,,48.8,(栗),小崎憲,,ケーエスHD,前谷牧場,黒鹿,2月20日
7,,7,,,,,ジャンゴッド,,牡,2,,川田将雅,56,,3.4,(栗),杉山晴紀,,藤田晋,ノーザンファーム,鹿毛,2月21日
8,,8,,,,,レイクイーン,,牝,2,*,松山弘平,55,,4.0,(栗),中村直也,,杉山忠国,明治牧場,黒鹿,2月 4日
8,,9,,,,,ラッキーハナコ,,牝,2,*,鮫島克駿,55,,45.8,(栗),浜田多実,,大田恭充,谷藤弘美,鹿毛,3月 6日
枠番,B,番,印,M2,M3,M4,  馬名,Ｃ,性別,年齢,替,騎手,斤量,減M, 単勝,所属,調教師,馬記号, 馬主, 生産者,毛色,誕生
1,,1,,,,,ミホマル,,牡,2,,横山和生,56,,5.4,(美),尾形和幸,,高橋文男,船越伸也,栗毛,2月12日
1,,2,,,,,ダイヴ,,牡,2,,角田大和,56,,32.8,(栗),羽月友彦,,サイプレスホールディングス,日西牧場,鹿毛,5月 9日
2,,3,,,,,リアルハーン,,牡,2,,酒井学,56,,12.1,(栗),大橋勇樹,,水谷光太郎,宮内牧場,鹿毛,4月11日
2,,4,,,,,マカロンボイス,,牝,2,,吉村誠之,55,,14.5,(栗),清水久詞,,犬塚悠治郎,川向高橋育成牧場,栗毛,2月29日
3,,5,,,,,インユアスカイ,,牡,2,,北村友一,56,,7.6,(栗),吉岡辰弥,,寺田心平,長浜牧場,黒鹿,3月11日
3,,6,,,,,スリーオブスペイズ,,牡,2,,田山旺佑,55,☆,19.3,(栗),吉田直弘,(外),岡田牧雄,"Wasabi Ventures Stables LLC Thomas Johnson et al",芦毛,4月13日
4,,7,,,,,オージーブラック,,牝,2,,古川吉洋,55,,52.6,(栗),畑端省吾,,glitterG,目黒牧場,青鹿,3月12日
4,,8,,,,,マンノエンプレス,,牝,2,,菱田裕二,55,,12.2,(栗),秋山真一,,萬野順啓,二風谷ファーム,栗毛,2月12日
5,,9,,,,,アップルペアー,,牝,2,,河原田菜,51,★,16.4,(栗),大根田裕,,節英司,静内山田牧場,栗毛,5月 4日
5,,10,,,,,ランスオブナイト,,牡,2,,太宰啓介,56,,10.8,(栗),本田優,,五影隆則,市川牧場,黒鹿,4月 6日
6,,11,,,,,エリーマイラヴ,,牝,2,,鮫島克駿,55,,11.2,(栗),小崎憲,(外),吉田勝利,"Magic Hill Farm",鹿毛,2月13日
6,,12,,,,,フェイマスウルフ,,牡,2,,秋山稔樹,56,,116.8,(栗),高橋義忠,,堀江貞幸,木村牧場,青鹿,2月12日
7,,13,,,,,アマリス,,牝,2,,Ｍ．デム,55,,37.5,(栗),高橋一哉,,中辻明,漆木康一,鹿毛,4月17日
7,,14,,,,,タガノゲイル,,牡,2,,田口貫太,56,,5.5,(栗),岡田稲男,,八木良司,新冠タガノファーム,鹿毛,4月25日
8,,15,,,,,ラムネ,,牝,2,,松山弘平,55,,8.0,(栗),柴田卓,,湯浅徹,三石川上牧場,芦毛,1月29日
8,,16,,,,,ギニー,,牡,2,,国分優作,56,,46.4,(栗),井上智史,,河内孝夫,大狩部牧場,鹿毛,4月20日
枠番,B,番,印,M2,M3,M4,  馬名,Ｃ,性別,年齢,替,騎手,斤量,減M, 単勝,所属,調教師,馬記号, 馬主, 生産者,毛色,誕生
1,,1,,,,,ワンダープレマ,,牝,2,,太宰啓介,55,,68.9,(栗),石橋守,,山本能成,高昭牧場,芦毛,2月27日
1,,2,,,,,バードギール,,牝,2,,松山弘平,55,,16.0,(栗),小栗実,,シルクレーシング,スウィングフィールド牧場,鹿毛,1月31日
2,,3,,,,,スイートリディア,,牝,2,,北村友一,55,,25.7,(栗),高橋亮,,キャロットファーム,ノーザンファーム,鹿毛,4月 3日
2,,4,,,,,ルシオラ,,牝,2,,吉村誠之,55,,37.3,(栗),清水久詞,,杉山忠国,明治牧場,鹿毛,2月 3日
3,,5,,,,,ブライトスクリプト,,牝,2,,池添謙一,55,,2.4,(栗),松下武士,,吉田照哉,社台ファーム,青鹿,4月21日
3,,6,,,,,テイケイモエ,,牝,2,,田口貫太,55,,77.8,(栗),大橋勇樹,,兼松忠男,友田牧場,黒鹿,4月18日
4,,7,,,,,リリックラヴ,,牝,2,,浜中俊,55,,2.2,(栗),武幸四郎,,DMMドリームクラブ,ノーザンファーム,鹿毛,2月 8日
4,,8,,,,,ワンダールカ,,牝,2,,川又賢治,55,,69.9,(栗),吉村圭司,,山本能成,笠松牧場,鹿毛,3月19日
5,,9,,,,,イグナイトフィール,,牝,2,,田山旺佑,54,☆,21.9,(栗),藤岡健一,,吉田照哉,社台ファーム,鹿毛,4月12日
5,,10,,,,,シュネルマリス,,牝,2,,古川吉洋,55,,91.0,(栗),四位洋文,,平沼宣秀,千代田牧場,芦毛,3月15日
6,,11,,,,,ルージュプリメーロ,,牝,2,,吉田隼人,55,,40.8,(栗),須貝尚介,,東京ホースレーシング,坂東牧場,黒鹿,3月24日
6,,12,,,,,サウンドアミューズ,,牝,2,,河原田菜,51,★,38.5,(栗),加藤公太,,増田雄一,本間牧場,黒鹿,2月26日
7,,13,,,,,ルーディン,,牝,2,,角田大和,55,,65.1,(栗),角田晃一,,坂東牧場,坂東牧場,黒鹿,3月21日
7,,14,,,,,ジャヤ,,牝,2,,斎藤新,55,,19.4,(栗),河嶋宏樹,,山本てるみ,アイズスタッド,鹿毛,5月11日
8,,15,,,,,アマスペラーレ,,牝,2,,酒井学,55,,81.7,(栗),渡辺薫彦,,天堀忠博,門別尚省,青鹿,4月17日
8,,16,,,,,ヘヴンインザレイン,,牝,2,,川田将雅,55,,20.7,(栗),橋口慎介,,Areaレーシング,社台ファーム,黒鹿,2月12日
枠番,B,番,印,M2,M3,M4,  馬名,Ｃ,性別,年齢,替,騎手,斤量,減M, 単勝,所属,調教師,馬記号, 馬主, 生産者,毛色,誕生
1,,1,,,,,クラウンソクラテス,,牡,2,,角田大和,56,,30.7,(栗),角田晃一,,矢野まり子,クラウン日高牧場,鹿毛,2月29日
2,,2,,,,,アンバーライト,,牡,2,,田山旺佑,55,☆,48.7,(栗),森田直行,,岡田牧雄,岡田スタツド,黒鹿,4月 3日
3,,3,,,,,ジュンキング,,牡,2,,川田将雅,56,,3.0,(栗),友道康夫,,河合純二,ノーザンファーム,青鹿,1月14日
4,,4,,,,,オミゴト,,牡,2,,池添謙一,56,,32.5,(栗),秋山真一,,幅田昌伸,元茂牧場,鹿毛,4月28日
5,,5,,,,,アスクハイタッチ,,牡,2,,西塚洸二,56,,19.2,(栗),藤原英昭,,廣崎利洋HD,三嶋牧場,黒鹿,3月 6日
5,,6,,,,,ジーティーギャング,,牡,2,,松山弘平,56,,3.0,(栗),福永祐一,,田畑利彦,ノーザンファーム,鹿毛,2月12日
6,,7,,,,,シュテルンライト,,牡,2,,小崎綾也,56,,27.1,(栗),小崎憲,,宮崎吉二,三好牧場,栗毛,3月27日
6,,8,,,,,トロカアニマダ,,牡,2,,国分恭介,56,,20.7,(栗),吉田直弘,,ビッグレッドファーム,ビッグレッドファーム,鹿毛,3月11日
7,B,9,,,,,ピュティアス,,牡,2,,北村友一,56,,5.5,(栗),池添学,,サンデーレーシング,ノーザンファーム,鹿毛,4月 8日
7,,10,,,,,ザキノシュガー,,牡,2,,鮫島克駿,56,,34.9,(栗),東田明士,,山崎有也,ハクレイファーム,栗毛,2月10日
8,,11,,,,,ジワールドコア,,牡,2,,吉村誠之,56,,15.4,(栗),池江泰寿,,大塚亮一,隆栄牧場,栗毛,4月26日
8,,12,,,,,タナオルフォーリア,,牡,2,,田口貫太,56,,9.7,(栗),浜田多実,,田中俊彰,ココファーム,鹿毛,5月 5日
枠番,B,番,印,M2,M3,M4,  馬名,Ｃ,性別,年齢,替,騎手,斤量,減M, 単勝,所属,調教師,馬記号, 馬主, 生産者,毛色,誕生
1,,1,,,,,タイセイリアル,,牡,5,*,古川奈穂,56,◇,17.3,(栗),矢作芳人,,田中成奉,下河辺牧場,芦毛,2月20日
1,,2,,,,,エアアルチーナ,,牝,3,,松山弘平,54,,7.7,(栗),池添学,(外),ラッキーフィールド,"Sekie Yoshihara & Tsunebumi Yoshihara",鹿毛,3月14日
2,,3,,,,,メイショウソウテン,,牡,3,,田口貫太,56,,20.7,(栗),鈴木孝志,,松本好隆,藤原牧場,黒鹿,3月23日
2,B,4,,,,,ブームバップビート,,牡,3,*,小沢大仁,56,,7.4,(栗),中内田充,(外),藤田晋,"Alpha Delta Stables LLC",鹿毛,2月10日
3,,5,,,,,エチゴドラゴン,,牡,3,,荻野琢真,56,,5.1,(栗),宮本博,,梶山高志,タイヘイ牧場,鹿毛,2月10日
3,,6,,,,,ビナハイバン,,牡,3,*,松本大輝,56,,67.4,(栗),中尾秀正,,井之口二三雄,プログレスファーム,栗毛,3月16日
4,B,7,,,,,メイショウカスガイ,,牡,4,*,古川吉洋,58,,59.8,(栗),角田晃一,,松本好隆,太陽牧場,黒鹿,4月21日
4,B,8,,,,,テスタヴェローチェ,,牡,3,,田山旺佑,55,☆,25.5,(栗),須貝尚介,,"TO RACING",辻牧場,鹿毛,3月14日
5,,9,,,,,インディゴ,,セ,4,*,富田暁,58,,29.0,(栗),野中賢二,,カナヤマホールディングス,天羽禮治,鹿毛,4月 3日
5,,10,,,,,テイエムスターラン,,牡,3,,高倉稜,56,,17.8,(栗),小椋研介,,竹園正繼,グランド牧場,鹿毛,2月 1日
6,,11,,,,,ビゾー,,セ,4,*,Ｍ．デム,58,,44.6,(栗),斉藤崇史,,モンレーヴ,グランド牧場,鹿毛,2月26日
6,B,12,,,,,マーゴットバディ,,セ,3,,鮫島克駿,56,,4.0,(栗),石坂公一,,前田良平,笠松牧場,鹿毛,2月22日
7,,13,,,,,ホウオウストライク,,牡,3,*,吉村誠之,56,,14.4,(栗),池江泰寿,(外),小笹芳央,"Robert Losey & Good Magic Syndicate",鹿毛,4月 1日
7,,14,,,,,ゴンタ,,牡,3,*,小崎綾也,56,,11.2,(栗),小崎憲,,ケーエスHD,前谷牧場,鹿毛,4月 3日
8,B,15,,,,,サントルドパリ,,牡,3,,角田大和,56,,11.2,(栗),小林真也,,吉田晴哉,社台コーポレーション白老ファーム,芦毛,4月22日
8,,16,,,,,シャインベック,,セ,4,,亀田温心,58,,166.8,(栗),北出成人,,吉岡輝美,フジワラフアーム,栗毛,5月16日
枠番,B,番,印,M2,M3,M4,  馬名,Ｃ,性別,年齢,替,騎手,斤量,減M, 単勝,所属,調教師,馬記号, 馬主, 生産者,毛色,誕生
1,,1,,,,,ニシノトリビュート,,牡,3,*,Ｍ．デム,57,,11.7,(栗),新谷功一,,西山茂行,メイタイファーム,鹿毛,3月31日
1,,2,,,,,グロリアスマーチ,,牡,3,*,鮫島克駿,57,,23.3,(栗),須貝尚介,,G1レーシング,追分ファーム,青鹿,3月10日
2,,3,,,,,ミトノリン,,牝,3,*,斎藤新,55,,11.4,(栗),前川恭子,,ロイヤルパーク,フクオカファーム,鹿毛,5月 4日
2,,4,,,,,マウンテンバローズ,,牡,3,*,川田将雅,57,,18.2,(栗),清水久詞,,猪熊広次,下河辺牧場,鹿毛,3月 6日
3,,5,,,,,ダイイズキャスト,,牡,3,*,田山旺佑,56,☆,51.3,(栗),新谷功一,(外),ノースヒルズ,"Monica Egger",鹿毛,3月 2日
3,,6,,,,,ブルズアイプリンス,,牡,3,*,松本大輝,57,,48.4,(栗),森秀行,,田中慶治,ムラカミファーム,黒鹿,2月10日
4,,7,,,,,リアルアルバ,,牡,3,,西塚洸二,57,,49.1,(栗),大橋勇樹,,水谷光太郎,高山博,鹿毛,4月14日
4,B,8,,,,,ペルフェツィオーネ,,牡,5,*,田口貫太,58,,40.3,(栗),杉山佳明,,ローレルレーシング,ハシモトフアーム,鹿毛,2月13日
5,,9,,,,,ベルサ,,牝,4,,今村聖奈,54,◇,5.9,(栗),鈴木孝志,,ケーエスHD,上野正恵,鹿毛,5月 1日
5,B,10,,,,,ラインピクシー,,牝,4,*,角田大和,56,,18.6,(栗),長谷川浩,,大澤繁昌,宮内牧場,鹿毛,2月12日
6,,11,,,,,ホーリーステップ,,牝,3,,森田誠也,52,▲,6.7,(栗),斉藤崇史,,ホシノレーシング,富田牧場,青鹿,3月16日
6,,12,,,,,アーリントンロウ,,牡,4,*,国分優作,58,,11.0,(栗),松下武士,,シルクレーシング,登別上水牧場,鹿毛,3月10日
7,,13,,,,,ラブアイミー,,牝,4,*,小崎綾也,56,,116.8,(栗),森田直行,,増田陽一,奥山ファーム,鹿毛,1月18日
7,,14,,,,,ムーンリットアイル,,牝,3,*,松山弘平,55,,6.2,(栗),武英智,,キャロットファーム,ノーザンファーム,鹿毛,4月13日
7,,15,,,,,アルサック,,牝,3,*,北村友一,55,,16.4,(栗),柴田卓,,モンレーヴ,桑田牧場,青鹿,3月10日
8,,16,,,,,ブルーレース,,牝,4,*,吉村誠之,56,,5.9,(栗),宮本博,,ノースヒルズ,平山牧場,黒鹿,4月26日
8,B,17,,,,,ソリスディエス,,牡,4,*,富田暁,58,,36.4,(栗),小崎憲,(地),インゼルレーシング,社台ファーム,鹿毛,2月27日
8,,18,,,,,グリフォン,,牝,4,*,柴田裕一,54,△,121.0,(栗),小椋研介,,村木慎吾,静内白井牧場,鹿毛,2月27日
枠番,B,番,印,M2,M3,M4,  馬名,Ｃ,性別,年齢,替,騎手,斤量,減M, 単勝,所属,調教師,馬記号, 馬主, 生産者,毛色,誕生
1,,1,,,,,ライトオブヌカタ,,牡,3,*,富田暁,56,,10.4,(栗),上村洋行,,辻子依旦,服部牧場,黒鹿,5月 2日
1,,2,,,,,アメリカンポリス,,牡,4,*,鮫島克駿,58,,18.7,(栗),池江泰寿,(外),吉澤ホールディングス,"AR Enterprises LLC",鹿毛,3月15日
2,,3,,,,,ポッドドンナー,,牡,4,,吉村誠之,58,,24.7,(栗),辻野泰之,,小川眞査雄,市川フアーム,鹿毛,5月 3日
2,,4,,,,,サヨノジャンボリー,,牡,4,*,吉田隼人,58,,19.2,(美),小笠倫弘,,吉岡泰治,五丸農場,栗毛,4月23日
3,,5,,,,,オセアエクスプレス,,牡,5,*,古川吉洋,58,,43.4,(美),菊川正達,,XIAOジャパン,千代田牧場,栗毛,2月22日
3,,6,,,,,ジューンアゲイン,,牡,3,,田山旺佑,55,☆,3.6,(栗),長谷川浩,,吉川潤,白井牧場,青鹿,4月18日
4,,7,,,,,エコロボルト,,セ,3,*,松本大輝,56,,27.9,(栗),森秀行,(外),原村正紀,"Barak Farm",栗毛,3月 5日
4,B,8,,,,,メモリーグラス,,牡,6,*,小崎綾也,58,,65.2,(美),松永康利,,田頭勇貴,浜本牧場,黒鹿,4月25日
5,,9,,,,,キタノライブリー,,牝,4,*,田口貫太,56,,20.9,(美),本間忍,,北所直人,飛渡牧場,栗毛,5月19日
5,,10,,,,,ザックザク,,牡,4,*,北村友一,58,,10.1,(栗),渡辺薫彦,,佐伯太朗,稲葉牧場,青鹿,4月12日
6,,11,,,,,デアプリームス,,牝,3,*,池添謙一,54,,6.9,(美),田島俊明,(外),ノルマンディーサラブレッドレーシング,"Everything's Cricket Racing",黒鹿,3月25日
6,B,12,,,,,モンシェリ,,牝,5,*,秋山稔樹,56,,73.3,(栗),牧田和弥,,安原浩司,坂東牧場,栗毛,2月14日
7,,13,,,,,フェスティヴドレス,,牝,3,*,菱田裕二,54,,12.1,(栗),岡田稲男,,ゴドルフィン,ダーレー・ジャパン・ファーム,青鹿,1月18日
7,,14,,,,,ランスオブセヘル,,牝,5,*,斎藤新,56,,7.8,(栗),奥村豊,,五影慶則,金成吉田牧場,鹿毛,3月28日
8,,15,,,,,バックトゥザライト,,牡,6,,西塚洸二,58,,14.6,(栗),辻野泰之,,平井裕,社台コーポレーション白老ファーム,鹿毛,4月16日
8,,16,,,,,マキシマムビスタ,,牝,4,*,森田誠也,53,▲,12.2,(栗),斉藤崇史,,OUMA,グランド牧場,栗毛,3月12日
枠番,B,番,印,M2,M3,M4,  馬名,Ｃ,性別,年齢,替,騎手,斤量,減M, 単勝,所属,調教師,馬記号, 馬主, 生産者,毛色,誕生
1,,1,,,,,ホウオウアートマン,,牡,4,*,吉田豊,58,,47.0,(栗),矢作芳人,,小笹芳央,ノーザンファーム,栗毛,2月22日
1,,2,,,,,ナムラフッカー,,牡,5,*,菱田裕二,58,,45.6,(栗),長谷川浩,,奈村睦弘,猿倉牧場,栗毛,4月20日
2,,3,,,,,レディーミコノス,,牝,4,,田山旺佑,56,,25.2,(栗),寺島良,,吉田照哉,社台ファーム,芦毛,5月 7日
2,,4,,,,,チェルノボーグ,,セ,7,,西塚洸二,58,,20.0,(栗),藤原英昭,,社台レースホース,社台ファーム,青鹿,5月15日
3,,5,,,,,キュクヌス,,牝,5,*,吉村誠之,56,,30.7,(栗),池江泰寿,(外),ノースヒルズ,"North Hills Co. Ltd",芦毛,4月19日
3,,6,,,,,キントリヒ,,牡,7,*,田口貫太,58,,39.9,(美),矢野英一,,Gリビエール・レーシング,ディアレストクラブ,芦毛,4月 8日
4,,7,,,,,カリーニョ,,牡,5,,川田将雅,58,,22.4,(栗),杉山晴紀,,近藤英子,ノーザンファーム,栗毛,2月 8日
4,,8,,,,,ヴィスマール,,牡,5,*,小沢大仁,58,,15.0,(栗),奥村豊,,キャロットファーム,ノーザンファーム,鹿毛,3月25日
5,,9,,,,,ホウオウスーペリア,,牡,6,*,高杉吏麒,58,,30.5,(栗),吉岡辰弥,,小笹芳央,岡田スタツド,鹿毛,4月 6日
5,,10,,,,,スズカダブル,,牡,6,*,鮫島克駿,58,,57.1,(栗),西村真幸,,永井宏明,辻牧場,栗毛,3月16日
6,,11,,,,,ローベルクランツ,,牡,3,*,北村友一,56,,7.2,(栗),小林真也,,キャロットファーム,ノーザンファーム,鹿毛,2月11日
6,,12,,,,,ファームツエンティ,,セ,6,,酒井学,58,,23.2,(栗),北出成人,,ウエストヒルズ,千代田牧場,青鹿,2月22日
7,B,13,,,,,リーティアコナル,,牡,4,,小崎綾也,58,,65.4,(栗),高橋一哉,(外),フクキタル,"Paca Paca Farm",鹿毛,4月 5日
7,,14,,,,,ミュージシャン,,牡,4,*,松山弘平,58,,11.4,(栗),杉山晴紀,,石川達絵,三嶋牧場,黒鹿,5月21日
7,,15,,,,,ミスタージーティー,,牡,5,*,斎藤新,58,,12.3,(栗),矢作芳人,,田畑利彦,ノーザンファーム,鹿毛,3月25日
8,,16,,,,,オールセインツ,,セ,5,,富田暁,58,,63.6,(栗),友道康夫,,平田修,社台ファーム,黒鹿,3月 5日
8,,17,,,,,シンゼンカガ,,牡,4,,吉田隼人,58,,50.2,(栗),荒川義之,,原司郎,社台ファーム,鹿毛,4月 2日
8,,18,,,,,ロードフィレール,,牡,3,*,横山和生,56,,2.0,(栗),吉岡辰弥,,ロードホースクラブ,ケイアイファーム,鹿毛,3月18日
枠番,B,番,印,M2,M3,M4,  馬名,Ｃ,性別,年齢,替,騎手,斤量,減M, 単勝,所属,調教師,馬記号, 馬主, 生産者,毛色,誕生
1,,1,,,,,ロードラディウス,,牡,6,*,吉村誠之,57,,42.7,(栗),森田直行,,ロードホースクラブ,ケイアイファーム,栗毛,2月22日
1,,2,,,,,グッジョブ,,牡,6,*,Ｍ．デム,57,,57.1,(栗),牧浦充徳,,馬場幸夫,雅牧場,鹿毛,4月28日
2,,3,,,,,アガシ,,セ,5,,田口貫太,57,,23.2,(栗),庄野靖志,,ケイズジャパン,笠松牧場,鹿毛,4月 9日
2,,4,,,,,ロードアウォード,,セ,6,*,横山和生,58,,18.4,(栗),吉岡辰弥,,ロードホースクラブ,ケイアイファーム,鹿毛,4月18日
3,B,5,,,,,ロードフロンティア,,牡,5,,川須栄彦,57,,12.5,(栗),松下武士,,ロードホースクラブ,ケイアイファーム,鹿毛,4月14日
3,B,6,,,,,ペプチドヤマト,,牡,7,,高倉稜,58,,16.4,(栗),武英智,,沼川一彦,杵臼牧場,栗毛,2月11日
4,B,7,,,,,メイショウホウレン,,牡,5,*,浜中俊,58,,6.0,(栗),安達昭夫,,松本好隆,グランド牧場,栗毛,2月 2日
4,,8,,,,,コンクイスタ,,セ,6,*,北村友一,59,,6.3,(栗),吉岡辰弥,(地),ターフ・スポート,谷川牧場,鹿毛,4月 2日
5,,9,,,,,エンヤラヴフェイス,,牡,5,*,松山弘平,57,,13.3,(栗),森田直行,,STレーシング,チャンピオンズファーム,黒鹿,3月14日
5,,10,,,,,スマートフォルス,,牡,6,*,鮫島克駿,57,,17.9,(栗),吉村圭司,,大川徹,スマート,鹿毛,5月 8日
6,,11,,,,,ケイアイアニラ,,牡,6,*,高杉吏麒,57,,44.7,(栗),吉岡辰弥,,亀田和弘,佐竹学,黒鹿,2月22日
6,B,12,,,,,サトノカルナバル,,牡,4,*,菱田裕二,57,,12.0,(美),堀宣行,,里見治,ノーザンファーム,鹿毛,3月20日
7,B,13,,,,,ドンレパルス,,牡,7,*,田山旺佑,57,,30.4,(美),高木登,,山田貢一,新冠タガノファーム,栗毛,3月 8日
7,,14,,,,,ゼットエール,,牡,4,,松本大輝,57,,4.0,(栗),吉田直弘,,フォーレスト,ノースガーデン,鹿毛,4月 1日
8,B,15,,,,,ルージュラナキラ,,牝,4,*,斎藤新,55,,11.2,(美),加藤征弘,,東京ホースレーシング,坂東牧場,鹿毛,2月 8日
8,B,16,,,,,エコロエイト,,牡,5,*,江田照男,57,,23.6,(美),中舘英二,(外)転初,原村正紀,"Shadai Farm",黒鹿,2月10日
枠番,B,番,印,M2,M3,M4,  馬名,Ｃ,性別,年齢,替,騎手,斤量,減M, 単勝,所属,調教師,馬記号, 馬主, 生産者,毛色,誕生
1,,1,,,,,ウエストナウ,,牡,5,*,横山和生,57,,8.4,(栗),寺島良,,寺田寿男,ノースヒルズ,鹿毛,5月 2日
1,,2,,,,,ヴェルテンベルク,,牡,6,*,古川吉洋,57,,13.0,(栗),宮本博,,吉田照哉,社台ファーム,鹿毛,5月 2日
2,,3,,,,,ディープモンスター,,牡,8,*,浜中俊,58,,6.9,(栗),池江泰寿,,DMMドリームクラブ,矢野牧場,青鹿,3月 5日
2,,4,,,,,ヘデントール,,牡,5,*,吉田隼人,58,,9.0,(美),木村哲也,,キャロットファーム,ノーザンファーム,黒鹿,4月 6日
3,,5,,,,,ヴェルミセル,,牝,6,*,川又賢治,55,,112.9,(栗),吉村圭司,,ノルマンディーサラブレッドレーシング,岡田スタツド,栗毛,4月 4日
3,,6,,,,,アクアヴァーナル,,牝,5,,松山弘平,55,,5.5,(栗),四位洋文,,吉田勝己,ノーザンファーム,芦毛,1月29日
4,,7,,,,,リビアングラス,,牡,6,*,小沢大仁,57,,108.9,(栗),矢作芳人,,前田幸治,ノースヒルズ,青毛,2月20日
4,B,8,,,,,ミクニインスパイア,,牡,4,*,Ｍ．デム,57,,9.2,(美),林徹,,ミクニ,オリエント牧場,鹿毛,4月26日
5,,9,,,,,ミステリーウェイ,,セ,8,,松本大輝,58,,31.5,(栗),小林真也,,社台レースホース,社台ファーム,黒鹿,3月12日
5,,10,,,,,マイネルエンペラー,,牡,6,*,吉村誠之,57,,46.6,(栗),清水久詞,,サラブレッドクラブ・ラフィアン,ビッグレッドファーム,黒鹿,3月13日
6,,11,,,,,ファミリータイム,,牡,5,*,鮫島克駿,57,,13.9,(栗),石坂公一,,東豊物産,笠松牧場,鹿毛,3月 7日
6,,12,,,,,エコロディノス,,牡,4,*,田口貫太,57,,57.8,(栗),大久保龍,,原村正紀,ノーザンファーム,黒鹿,2月11日
7,,13,,,,,サフィラ,,牝,5,*,北村友一,55,,51.6,(栗),池添学,,シルクレーシング,ノーザンファーム,黒鹿,2月 1日
7,,14,,,,,サヴォーナ,,牡,6,*,斎藤新,57,,24.2,(栗),中竹和也,,加藤誠,高昭牧場,鹿毛,3月 6日
7,,15,,,,,メイショウブレゲ,,牡,7,*,酒井学,57,,68.0,(栗),本田優,,松本好隆,三嶋牧場,栗毛,4月30日
8,,16,,,,,ショウナンラプンタ,,牡,5,*,池添謙一,57,,33.0,(栗),高野友和,,国本哲秀,社台ファーム,黒鹿,3月 9日
8,B,17,,,,,キングスコール,,牡,4,*,吉田豊,57,,23.5,(栗),矢作芳人,,DMMドリームクラブ,飛野牧場,黒鹿,3月 2日
8,,18,,,,,ダノンシーマ,,牡,4,,川田将雅,57,,4.8,(栗),中内田充,,ダノックス,ノーザンファーム,黒鹿,1月30日
枠番,B,番,印,M2,M3,M4,  馬名,Ｃ,性別,年齢,替,騎手,斤量,減M, 単勝,所属,調教師,馬記号, 馬主, 生産者,毛色,誕生
1,B,1,,,,,ファイツオン,,牡,5,*,吉田隼人,58,,26.6,(栗),藤岡健一,,前田幸治,村上牧場,鹿毛,2月25日
1,,2,,,,,スイミーユニバンス,,牝,6,,浜中俊,56,,33.4,(栗),平田修,,亀井哲也,ノーザンファーム,栗毛,2月25日
2,B,3,,,,,ジュルナール,,牝,4,*,池添謙一,56,,7.6,(栗),池添学,,DMMドリームクラブ,ノーザンファーム,鹿毛,3月17日
2,,4,,,,,ガラベイヤ,,牝,3,*,横山和生,55,,5.5,(美),加藤士津,,シルクレーシング,ノーザンファーム,鹿毛,2月10日
3,,5,,,,,モンサンゴールデン,,牡,3,,柴田裕一,55,△,16.5,(栗),中竹和也,,山下新一,川島牧場,鹿毛,3月23日
3,,6,,,,,サンライズプルート,,牡,6,,吉村誠之,58,,70.7,(栗),東田明士,,ライフハウス,ヤナガワ牧場,黒鹿,3月19日
4,,7,,,,,ロードトレゾール,,牡,5,*,河原田菜,54,★,15.7,(栗),清水久詞,,ロードホースクラブ,ケイアイファーム,鹿毛,2月12日
4,B,8,,,,,バシレウスシチー,,牡,7,*,菱田裕二,58,,33.1,(栗),岡田稲男,(地),友駿ホースクラブ,下河辺牧場,鹿毛,4月29日
5,,9,,,,,トップアタック,,牡,3,*,小沢大仁,57,,11.1,(栗),小椋研介,,紅露純,細川農場,鹿毛,4月29日
5,,10,,,,,メイショウゴールド,,牡,4,*,酒井学,58,,30.0,(栗),荒川義之,,松本好隆,まるとみ冨岡牧場,鹿毛,3月26日
6,,11,,,,,アイニードユー,,牝,3,,川田将雅,55,,3.6,(栗),吉村圭司,,ゴドルフィン,ダーレー・ジャパン・ファーム,鹿毛,3月 7日
6,,12,,,,,サクセスカラー,,牝,5,*,吉田豊,56,,20.8,(美),久保田貴,,柴田実千代,飛野牧場,鹿毛,3月 3日
7,,13,,,,,グッドピース,,牡,3,*,鮫島克駿,57,,37.2,(栗),高野友和,(外),前田幸治,"North Hills Co. Ltd",黒鹿,3月 1日
7,B,14,,,,,マーゴットミスト,,牡,3,,田口貫太,57,,26.3,(栗),杉山佳明,,前田良平,秋場牧場,芦毛,4月19日
7,,15,,,,,マイネルラッシュ,,牡,6,*,国分恭介,58,,73.1,(美),水野貴広,,サラブレッドクラブ・ラフィアン,ビッグレッドファーム,鹿毛,4月21日
8,,16,,,,,スネーフリンガ,,牝,4,*,松山弘平,56,,17.9,(栗),森田直行,,高樽さゆり,ディアレストクラブ,栗毛,4月17日
8,,17,,,,,タマカヅラ,,牝,4,*,斎藤新,56,,11.3,(美),斎藤誠,,高瀬真尚,上水牧場,黒鹿,3月14日
8,,18,,,,,ルージュサウダージ,,牝,3,*,角田大和,55,,26.0,(栗),松永幹夫,,東京ホースレーシング,追分ファーム,黒鹿,4月 7日
